Workbook

Sheet 00_README
A1: MODAL SHIFT v2 — Italy Freight Decarbonisation (Fase 3)
A3: Versione | B3: v2 — dati reali HTR da ROAD_MASTER_v10 + formula Gtkm/PJ corretta
A4: Correzioni v1→v2 | B4: BUG1: =1E9/D → =1/D | BUG2: nomi tech HTR (ELC_N, FCELL_N) | BUG3: valori MJ/tkm reali v10 | BUG4: LF=16.596
A5: Unità operative | B5: Efficiency → Gtkm/PJ | Demand → Gtkm
A6: Formula chiave | B6: Gtkm/PJ = 1/(MJ/tkm) = Bvkm/PJ × LF [verificato per tutte le tech]
A7: Struttura modi | B7: TRA_ROA_HTR_D5 (>500 km) + TRA_RAIL_FRG + TRA_NAV_DOM
A9: Fogli
A10: 01_Conversions | B10: Tabella conversioni + dimostrazione algebrica Gtkm/PJ = 1/MJ_tkm
A11: 02_Nav_Efficiency | B11: JRC-IDEES baseline nav domestica → Gtkm/PJ con cross-check
A12: 03_Rail_Efficiency | B12: JRC-IDEES baseline treni merci DSL + ELC → Gtkm/PJ con cross-check
A13: 04_HTR_D5_Inversion | B13: Dati reali v10: 7 tech HTR D5, Bvkm/PJ, MJ/tkm, Gtkm/PJ, verifica Bvkm×LF
A14: 05_Efficiency_Summary | B14: Riepilogo Gtkm/PJ per tutti 3 modi su vintage 2020/2030/2050
A15: 06_LoadFactors | B15: LF per modo: nav (~2119 t/vkm avg), rail (~393 t/vkm avg), HTR D5 (16.596)
A16: 07_Demand_TRA_FRG | B16: Demand aggregata TRA_FRG [Gtkm] per 2020-2050
A17: 08_TEMOA_SQL_Ready | B17: INSERT/UPDATE SQL pronti per Transport.sql
A18: 09_Notes_Methodology | B18: Correzioni v1, conferma operato, domande prof

Sheet 01_Conversions
A1: Tabella di conversione unitaria
A3: Costanti fisiche
A4: Costante | B4: Valore | C4: Unità | D4: Nota
A5: 1 ktoe | B5: 41.868 | C5: TJ | D5: IEA standard
A6: 1 ktoe | B6: 0.041868 | C6: PJ | D6: pari a 41.868 TJ
A7: 1 PJ | B7: 1000000000 | C7: MJ | D7: pari a 1000 TJ
A8: 1 Mtkm | B8: 1000000 | C8: tkm | D8: pari a 10^6 tkm
A9: 1 Gtkm | B9: 1000000000 | C9: tkm | D9: pari a 10^9 tkm
A10: 1 Bvkm | B10: 1000000000 | C10: vkm | D10: pari a 10^9 vkm
A12: Dimostrazione algebrica: Gtkm/PJ = 1/(MJ/tkm)
A13: Passo 1: E [tkm/MJ] = 1 / (MJ/tkm)
A14: Passo 2: conversione PJ → MJ: E [tkm/PJ] = E [tkm/MJ] × (10^9 MJ/PJ) = 10^9 / (MJ/tkm)
A15: Passo 3: conversione tkm → Gtkm: E [Gtkm/PJ] = E [tkm/PJ] / 10^9 = [10^9 / (MJ/tkm)] / 10^9
A16: ✓ RISULTATO: Gtkm/PJ = 1 / (MJ/tkm) → formula Excel: =1/D{riga}
A17: ✓ ALTERNATIVA: Gtkm/PJ = Bvkm/PJ × LF dove LF = load factor [t/vkm]
A18: Dimostrazione alt.: 1 Bvkm/PJ = 10^9 vkm/PJ; × LF[t/vkm] = 10^9 t·km/PJ = 1 Gtkm/PJ ✓
A19: ⚠ BUG v1: "=1E9/D" → LibreOffice interpreta 1E9 come "1 × cell(E9)" non come 10^9 → risultato ~10^18 volte sbagliato
A21: Verifica numerica
A22: Esempio | B22: MJ/tkm | C22: Gtkm/PJ = 1/MJ_tkm | D22: Bvkm×LF (cross-check)
A23: HTR_DST_N D5 v10 2020 | B23: 0.663021 | C23: =1/B23 -> 1.5082479 | D23: =0.09088*16.596 -> 1.5082445
A24: HTR_ELC_N D5 v10 2020 | B24: 0.353611 | C24: =1/B24 -> 2.8279663 | D24: =0.1704*16.596 -> 2.8279584
A25: HTR_FCELL_N D5 v10 2025 | B25: 0.428081 | C25: =1/B25 -> 2.3360065 | D25: =0.140757*16.596 -> 2.3360032
A26: Rail DSL avg 2019-23 | B26: 0.296424 | C26: =1/B26 -> 3.373546 | D26: — (da JRC activity/energy)
A27: Rail ELC avg 2019-23 | B27: 0.136912 | C27: =1/B27 -> 7.3039617 | D27: — (da JRC activity/energy)
A28: Nav DOM avg 2019-23 | B28: 0.526777 | C28: =1/B28 -> 1.8983365 | D28: — (da JRC activity/energy)

Sheet 02_Nav_Efficiency
A1: Domestic Navigation — Efficiency baseline (JRC-IDEES 2023)
A3: Fonte: JRC-IDEES 2023, Domestic Navigation Total (coastal + inland).
A5: Serie storica 2019-2023
A6: Indicatore | B6: 2019 | C6: 2020 | D6: 2021 | E6: 2022 | F6: 2023 | G6: Avg 19-23 | H6: Baseline 2019 | I6: Unità
A7: Energy intensity Total | B7: 13.62581 | C7: 12.86219 | D7: 12.69177 | E7: 11.55938 | F7: 12.17016 | G7: =AVERAGE(B7:F7) -> 12.581862 | H7: 13.62581 | I7: kgoe/ktkm
A8: Activity Total | B8: 44216.866 | C8: 43318.196 | D8: 42395.232 | E8: 45986.078 | F8: 42202.894 | G8: =AVERAGE(B8:F8) -> 43623.853 | H8: 44216.866 | I8: Mtkm
A9: Energy cons. Total | B9: 602.49063 | C9: 557.16698 | D9: 538.07034 | E9: 531.57042 | F9: 513.61599 | G9: =AVERAGE(B9:F9) -> 548.58287 | H9: 602.49063 | I9: ktoe
A11: Conversione → Gtkm/PJ
A12: Scenario | B12: Intensity (kgoe/ktkm) | C12: → MJ/tkm | D12: MJ/tkm | E12: Gtkm/PJ = 1/MJ_tkm | F12: Cross-check Mtkm÷ktoe×factor | G12: Match
A13: Avg 2019-2023 | B13: =G7 -> 12.581862 | C13: × 41.868/1000 | D13: =B13*41.868/1000 -> 0.5267774 | E13: =1/D13 -> 1.8983351 | F13: =G8*1000000/(G9*0.041868)/1000000000 -> 1.8993262 | G13: =IF(ABS(E13-F13)<0.001,"✓ OK","⚠ CHECK") -> ✓ OK
A14: Pre-COVID (2019) | B14: =H7 -> 13.62581 | C14: × 41.868/1000 | D14: =B14*41.868/1000 -> 0.57048541 | E14: =1/D14 -> 1.7528932 | F14: =B8*1000000/(B9*0.041868)/1000000000 -> 1.7528932 | G14: =IF(ABS(E14-F14)<0.001,"✓ OK","⚠ CHECK") -> ✓ OK
A15: Ultimo (2023) | B15: =F7 -> 12.17016 | C15: × 41.868/1000 | D15: =B15*41.868/1000 -> 0.50954026 | E15: =1/D15 -> 1.9625535 | F15: =F8*1000000/(F9*0.041868)/1000000000 -> 1.9625534 | G15: =IF(ABS(E15-F15)<0.001,"✓ OK","⚠ CHECK") -> ✓ OK
A17: ✓ Scenario raccomandato: Avg 2019-2023 (robusto a outlier 2022-23)

Sheet 03_Rail_Efficiency
A1: Freight Train — Efficiency baseline (JRC-IDEES 2023)
A3: Fonte: JRC-IDEES 2023, Freight Train, split Diesel / Electric.
A5: DIESEL — 2019-2023
A6: Indicatore | B6: 2019 | C6: 2020 | D6: 2021 | E6: 2022 | F6: 2023 | G6: Avg 19-23 | H6: Baseline 2019 | I6: Unità
A7: Energy intensity Diesel | B7: 6.74472 | C7: 6.66985 | D7: 7.23319 | E7: 7.07965 | F7: 7.67242 | G7: =AVERAGE(B7:F7) -> 7.079966 | H7: 6.74472 | I7: kgoe/ktkm
A8: Activity Diesel | B8: 841.073 | C8: 969.706 | D8: 899.026 | E8: 264.5 | F8: 235.069 | G8: =AVERAGE(B8:F8) -> 641.8748 | H8: 841.073 | I8: Mtkm
A9: Energy cons. Diesel | B9: 5.6728 | C9: 6.4678 | D9: 6.5028 | E9: 1.8726 | F9: 1.8035 | G9: =AVERAGE(B9:F9) -> 4.4639 | H9: 5.6728 | I9: ktoe
A13: ELECTRIC — 2019-2023
A14: Indicatore | B14: 2019 | C14: 2020 | D14: 2021 | E14: 2022 | F14: 2023 | G14: Avg 19-23 | H14: Baseline 2019 | I14: Unità
A15: Energy intensity Electric | B15: 2.80009 | C15: 2.79344 | D15: 3.26598 | E15: 3.13804 | F15: 4.35285 | G15: =AVERAGE(B15:F15) -> 3.27008 | H15: 2.80009 | I15: kgoe/ktkm
A16: Activity Electric | B16: 20467.93 | C16: 19780.29 | D16: 23362.97 | E16: 24065.5 | F16: 22457.93 | G16: =AVERAGE(B16:F16) -> 22026.924 | H16: 20467.93 | I16: Mtkm
A17: Energy cons. Electric | B17: 57.312 | C17: 55.2551 | D17: 76.3031 | E17: 75.5184 | F17: 97.756 | G17: =AVERAGE(B17:F17) -> 72.42892 | H17: 57.312 | I17: ktoe
A21: Conversione → Gtkm/PJ
A22: Tecnologia | B22: Intensity | C22: → MJ/tkm | D22: MJ/tkm | E22: Gtkm/PJ = 1/MJ_tkm | F22: Cross-check Mtkm÷ktoe | G22: Match
A23: TRA_RAIL_FRG_DST_N Avg 19-23 | B23: =G7 -> 7.079966 | C23: × 41.868/1000 | D23: =B23*41.868/1000 -> 0.29642402 | E23: =1/D23 -> 3.3735458 | F23: =G8*1000000/(G9*0.041868)/1000000000 -> 3.434422 | G23: =IF(ABS(E23-F23)<0.001,"✓ OK","⚠ CHECK") -> ⚠ CHECK
A24: TRA_RAIL_FRG_ELC_N Avg 19-23 | B24: =G15 -> 3.27008 | C24: × 41.868/1000 | D24: =B24*41.868/1000 -> 0.13691171 | E24: =1/D24 -> 7.3039772 | F24: =G16*1000000/(G17*0.041868)/1000000000 -> 7.2637289 | G24: =IF(ABS(E24-F24)<0.001,"✓ OK","⚠ CHECK") -> ⚠ CHECK
A25: TRA_RAIL_FRG_DST_N Pre-COVID | B25: =H7 -> 6.74472 | C25: × 41.868/1000 | D25: =B25*41.868/1000 -> 0.28238794 | E25: =1/D25 -> 3.5412278 | F25: =H8*1000000/(H9*0.041868)/1000000000 -> 3.5412289 | G25: =IF(ABS(E25-F25)<0.001,"✓ OK","⚠ CHECK") -> ✓ OK
A26: TRA_RAIL_FRG_ELC_N Pre-COVID | B26: =H15 -> 2.80009 | C26: × 41.868/1000 | D26: =B26*41.868/1000 -> 0.11723417 | E26: =1/D26 -> 8.5299364 | F26: =H16*1000000/(H17*0.041868)/1000000000 -> 8.5299433 | G26: =IF(ABS(E26-F26)<0.001,"✓ OK","⚠ CHECK") -> ✓ OK
A28: ⚠ Anomalia 2023 ELC: intensity=4.35 vs storico ~2.80 kgoe/ktkm → baseline consigliata Pre-COVID 2019
A29: Nota: per lo scenario Avg 2019-2023 il cross-check mostra uno scarto ~2% (atteso). Causa: AVERAGE(kgoe/ktkm_y) ≠ SUM(Mtkm_y)/SUM(ktoe_y) per proprietà matematica degli averages. Per anno singolo (pre-COVID 2019) le due formule coincidono perfettamente. Raccomandato: usare baseline Pre-COVID 2019 per evitare questa ambiguità.

Sheet 04_HTR_D5_Inversion
A1: HTR_D5 (>500 km) — Dati reali v10, LF=16.596
A3: Fonte: 13_TEMOA_Ready ROAD_MASTER_v10. LF=16.596 t/vkm (da eff_notes v10). Verificato: 1/MJ_tkm = Bvkm×LF per ogni riga.
A5: Tecnologia | B5: Vintage | C5: Bvkm/PJ (v10) | D5: MJ/tkm (v10) | E5: Gtkm/PJ = 1/MJ_tkm | F5: Gtkm/PJ = Bvkm×16.596 | G5: Note (eff_notes v10)
A6: TRA_ROA_HTR_DST_E | B6: 2006 | C6: 0.08361 | D6: 0.720675 | E6: =1/D6 -> 1.387588 | F6: =C6*16.596 -> 1.3875916 | G6: tech×1.00 dist×0.75 LF×16.596
A7: TRA_ROA_HTR_DST_N | B7: 2020 | C7: 0.09088 | D7: 0.663021 | E7: =1/D7 -> 1.5082479 | F7: =C7*16.596 -> 1.5082445 | G7: tech×0.92 dist×0.75 LF×16.596
A8: TRA_ROA_HTR_DST_N | B8: 2030 | C8: 0.098783 | D8: 0.609979 | E8: =1/D8 -> 1.6394007 | F8: =C8*16.596 -> 1.6394027 | G8: learn@2030
A9: TRA_ROA_HTR_DST_N | B9: 2050 | C9: 0.109759 | D9: 0.548981 | E9: =1/D9 -> 1.8215567 | F9: =C9*16.596 -> 1.8215604 | G9: learn@2050
A10: TRA_ROA_HTR_ELC_N | B10: 2020 | C10: 0.1704 | D10: 0.353611 | E10: =1/D10 -> 2.8279663 | F10: =C10*16.596 -> 2.8279584 | G10: tech×0.32 dist×1.15 LF×16.596
A11: TRA_ROA_HTR_ELC_N | B11: 2030 | C11: 0.200471 | D11: 0.30057 | E11: =1/D11 -> 3.327012 | F11: =C11*16.596 -> 3.3270167 | G11: learn@2030
A12: TRA_ROA_HTR_ELC_N | B12: 2050 | C12: 0.238656 | D12: 0.252478 | E12: =1/D12 -> 3.9607411 | F12: =C12*16.596 -> 3.960735 | G12: learn@2050
A13: TRA_ROA_HTR_FCELL_N | B13: 2025 | C13: 0.140757 | D13: 0.428081 | E13: =1/D13 -> 2.3360065 | F13: =C13*16.596 -> 2.3360032 | G13: tech×0.45 dist×1.10 LF×16.596 learn@2025
A14: TRA_ROA_HTR_FCELL_N | B14: 2050 | C14: 0.208358 | D14: 0.289192 | E14: =1/D14 -> 3.4579103 | F14: =C14*16.596 -> 3.4579094 | G14: learn@2050
A15: TRA_ROA_HTR_LPG_N | B15: 2007 | C15: 0.072704 | D15: 0.828776 | E15: =1/D15 -> 1.2065986 | F15: =C15*16.596 -> 1.2065956 | G15: tech×1.15 dist×0.75 LF×16.596
A16: TRA_ROA_HTR_NGA_N | B16: 2007 | C16: 0.089903 | D16: 0.670228 | E16: =1/D16 -> 1.4920296 | F16: =C16*16.596 -> 1.4920302 | G16: tech×0.93 dist×0.75 LF×16.596
A17: ✓ Match atteso: col E = col F per ogni riga (Gtkm/PJ = 1/MJ_tkm = Bvkm×16.596). Tollleranza <0.001.
A19: ⚠ ANOMALIA DOCUMENTATA: TRA_ROA_HTR_BIO_E (D5)
A20: TRA_ROA_HTR_BIO_E | B20: 2006 | C20: 0.078207 | D20: 1.4008 | E20: =1/D20 -> 0.71387778 | F20: =C20*9.128 -> 0.7138735 | G20: output_comm=TRA_ROA_MTR! LF=9.128 (MTR). Inutilizzabile per modal shift HTR.
A21: Nota: 1/1.4008 = 0.714 Gtkm/PJ → valore coerente con MTR (LF 9.128), non HTR (LF 16.596).

Sheet 05_Efficiency_Summary
A1: Efficiency Summary — Gtkm/PJ per TEMOA (corretti v2)
A3: Unità: Gtkm/PJ. Formula: =1/MJ_tkm. Learning curve lineare per nav e rail.
A5: Domestic Navigation — new techs
A6: Tecnologia | B6: Vintage | C6: Input fuel | D6: Gtkm/PJ (2020) | E6: Δ%/y | F6: Gtkm/PJ (2030) | G6: Gtkm/PJ (2050)
A7: TRA_NAV_DOM_E | B7: 2007-2020 | C7: TRA_DST/HFO | D7: ='02_Nav_Efficiency'!E13 -> 1.8983351 | E7: 0 | F7: =D7*(1+E7)^10 -> 1.8983351 | G7: =D7*(1+E7)^30 -> 1.8983351
A8: TRA_NAV_DOM_DST_N | B8: 2020-2050 | C8: TRA_DST | D8: ='02_Nav_Efficiency'!E13 -> 1.8983351 | E8: 0.005 | F8: =D8*(1+E8)^10 -> 1.9954162 | G8: =D8*(1+E8)^30 -> 2.2047265
A9: TRA_NAV_DOM_HFO_N | B9: 2020-2050 | C9: TRA_HFO | D9: ='02_Nav_Efficiency'!E13*0.99 -> 1.8793517 | E9: 0.005 | F9: =D9*(1+E9)^10 -> 1.975462 | G9: =D9*(1+E9)^30 -> 2.1826792
A10: TRA_NAV_DOM_LNG_N | B10: 2025-2050 | C10: TRA_LNG | D10: ='02_Nav_Efficiency'!E13*1.05 -> 1.9932518 | E10: 0.005 | F10: =D10*(1+E10)^10 -> 2.095187 | G10: =D10*(1+E10)^30 -> 2.3149628
A11: TRA_NAV_DOM_DUAL_N | B11: 2025-2050 | C11: TRA_HFO+MET | D11: ='02_Nav_Efficiency'!E13 -> 1.8983351 | E11: 0.005 | F11: =D11*(1+E11)^10 -> 1.9954162 | G11: =D11*(1+E11)^30 -> 2.2047265
A12: TRA_NAV_DOM_AMM_ICE_N | B12: 2030-2050 | C12: TRA_AMM | D12: ='02_Nav_Efficiency'!E13*0.95 -> 1.8034183 | E12: 0.008 | F12: =D12*(1+E12)^10 -> 1.952998 | G12: =D12*(1+E12)^30 -> 2.2904058
A13: TRA_NAV_DOM_MET_ICE_N | B13: 2030-2050 | C13: TRA_MET | D13: ='02_Nav_Efficiency'!E13*0.97 -> 1.841385 | E13: 0.008 | F13: =D13*(1+E13)^10 -> 1.9941137 | G13: =D13*(1+E13)^30 -> 2.3386249
A14: TRA_NAV_DOM_H2L_ICE_N | B14: 2030-2050 | C14: TRA_H2L | D14: ='02_Nav_Efficiency'!E13*0.85 -> 1.6135848 | E14: 0.01 | F14: =D14*(1+E14)^10 -> 1.7824015 | G14: =D14*(1+E14)^30 -> 2.1748685
A16: Freight Rail — new techs
A17: Tecnologia | B17: Vintage | C17: Input fuel | D17: Gtkm/PJ (2020) | E17: Δ%/y | F17: Gtkm/PJ (2030) | G17: Gtkm/PJ (2050)
A18: TRA_RAIL_FRG_E | B18: 2006-2020 | C18: TRA_DST/ELC | D18: ='03_Rail_Efficiency'!E26 -> 8.5299364 | E18: 0 | F18: =D18*(1+E18)^10 -> 8.5299364 | G18: =D18*(1+E18)^30 -> 8.5299364
A19: TRA_RAIL_FRG_DST_N | B19: 2020-2050 | C19: TRA_DST | D19: ='03_Rail_Efficiency'!E25 -> 3.5412278 | E19: 0.005 | F19: =D19*(1+E19)^10 -> 3.7223266 | G19: =D19*(1+E19)^30 -> 4.1127822
A20: TRA_RAIL_FRG_ELC_N | B20: 2020-2050 | C20: TRA_ELC | D20: ='03_Rail_Efficiency'!E26 -> 8.5299364 | E20: 0.008 | F20: =D20*(1+E20)^10 -> 9.237429 | G20: =D20*(1+E20)^30 -> 10.833325
A21: TRA_RAIL_FRG_H2G_MNL_N | B21: 2030-2050 | C21: TRA_H2G | D21: ='03_Rail_Efficiency'!E25*0.85 -> 3.0100436 | E21: 0.01 | F21: =D21*(1+E21)^10 -> 3.3249607 | G21: =D21*(1+E21)^30 -> 4.057084
A23: HTR_D5 — Camion lunga percorrenza (dati reali v10)
A24: Tecnologia | B24: Vintage | D24: Gtkm/PJ
A25: TRA_ROA_HTR_DST_E | B25: 2006 | D25: ='04_HTR_D5_Inversion'!E6 -> 1.387588
A26: TRA_ROA_HTR_DST_N | B26: 2020 | D26: ='04_HTR_D5_Inversion'!E7 -> 1.5082479
B27: 2030 | D27: ='04_HTR_D5_Inversion'!E8 -> 1.6394007
B28: 2050 | D28: ='04_HTR_D5_Inversion'!E9 -> 1.8215567
A29: TRA_ROA_HTR_ELC_N | B29: 2020 | D29: ='04_HTR_D5_Inversion'!E10 -> 2.8279663
B30: 2030 | D30: ='04_HTR_D5_Inversion'!E11 -> 3.327012
B31: 2050 | D31: ='04_HTR_D5_Inversion'!E12 -> 3.9607411
A32: TRA_ROA_HTR_FCELL_N | B32: 2025 | D32: ='04_HTR_D5_Inversion'!E13 -> 2.3360065
B33: 2050 | D33: ='04_HTR_D5_Inversion'!E14 -> 3.4579103
A34: TRA_ROA_HTR_LPG_N | B34: 2007 | D34: ='04_HTR_D5_Inversion'!E15 -> 1.2065986
A35: TRA_ROA_HTR_NGA_N | B35: 2007 | D35: ='04_HTR_D5_Inversion'!E16 -> 1.4920296

Sheet 06_LoadFactors
A1: Load Factors — tkm/vkm per ciascun modo
A3: LF = Mtkm/Mvkm da JRC-IDEES. HTR D5: LF=16.596 da eff_notes v10. Navigazione: tkm/vkm valore molto alto = navi pesanti.
A5: Calcolo LF da JRC-IDEES 2019-2023
A6: Modo | B6: Mtkm 2023 | C6: Mvkm 2023 | D6: LF 2023 (t/vkm) | E6: Avg LF 2019-23 | F6: Note
A7: Domestic Navigation | B7: 42202.894 | C7: 18.795 | D7: =B7/C7*1000 -> 2245432 | E7: =AVERAGE(44216.866/21.212,43318.196/20.287,42395.232/19.914,45986.078/22.962,42202.894/18.795)*1000 -> 2119368.3 | F7: Mtkm×1000/Mvkm — valore alto = grandi navi
A8: Freight Rail Total | B8: 22693 | C8: 79.366 | D8: =B8/C8*1000 -> 285928.48 | E8: =AVERAGE(21309/47.427,20750/46.213,24262/63.274,24330/61.362,22693/79.366)*1000 -> 392836.05 | F8: Carico medio treno merci (t/treno-km)
A9: HGV Domestic (all) | B9: 128805 | C9: 8161 | D9: =B9/C9*1000 -> 15782.992 | E9: =AVERAGE(122491/7483,118151/7185,128547/7752,132267/8103,128805/8161)*1000 -> 16300.399 | F9: Tutti HGV domestici
A10: HTR_D5 >500 km (v10) | B10: — | C10: — | D10: — | E10: 16.596 | F10: Valore 16.596 da colonna eff_notes del 13_TEMOA_Ready v10
A12: Cross-check Gtkm/PJ via LF vs 1/MJ_tkm (3 campioni HTR D5)
A13: Tech (D5) | B13: Bvkm/PJ | C13: LF (t/vkm) | D13: Gtkm/PJ = B×LF | E13: MJ/tkm | F13: Gtkm/PJ = 1/MJ
A14: HTR_DST_N 2020 | B14: 0.09088 | C14: 16.596 | D14: =B14*C14 -> 1.5082445 | E14: 0.663021 | F14: =1/E14 -> 1.5082479
A15: HTR_ELC_N 2020 | B15: 0.1704 | C15: 16.596 | D15: =B15*C15 -> 2.8279584 | E15: 0.353611 | F15: =1/E15 -> 2.8279663
A16: HTR_FCELL_N 2025 | B16: 0.140757 | C16: 16.596 | D16: =B16*C16 -> 2.3360032 | E16: 0.428081 | F16: =1/E16 -> 2.3360065
A18: ✓ Se col D = col F per ogni riga → le due formule sono equivalenti. Verificato per tutti e 12 i dati HTR D5 del foglio 04.

Sheet 07_Demand_TRA_FRG
A1: Demand aggregata TRA_FRG [Gtkm] — 2020-2050
A3: TRA_FRG = HTR_D5 + RAIL + NAV. HTR: Bvkm×16.596. RAIL/NAV: JRC storico + proiezioni. Tassi da validare.
A5: Modo [Gtkm] | B5: 2020 | C5: 2022 | D5: 2025 | E5: 2030 | F5: 2035 | G5: 2040 | H5: 2045 | I5: 2050
A6: TRA_ROA_HTR_D5_FRG | B6: =2.2858*16.596 -> 37.935137 | C6: =2.4799*16.596 -> 41.15642 | D6: =2.5205*16.596 -> 41.830218 | E6: =2.9464*16.596 -> 48.898454 | F6: =3.323*16.596 -> 55.148508 | G6: =3.6272*16.596 -> 60.197011 | H6: =3.8706*16.596 -> 64.236478 | I6: =4.1023*16.596 -> 68.081771
A7: TRA_RAIL_FRG | B7: 21.309 | C7: 24.33 | D7: =22.693*(1+0.015)^2 -> 23.378896 | E7: =22.693*(1+0.015)^7 -> 25.185711 | F7: =22.693*(1+0.015)^12 -> 27.132163 | G7: =22.693*(1+0.015)^17 -> 29.229045 | H7: =22.693*(1+0.015)^22 -> 31.487983 | I7: =22.693*(1+0.015)^27 -> 33.9215
A8: TRA_NAV_DOM_FRG | B8: 44.217 | C8: 45.986 | D8: =42.203*(1+0.005)^2 -> 42.626085 | E8: =42.203*(1+0.005)^7 -> 43.702447 | F8: =42.203*(1+0.005)^12 -> 44.805989 | G8: =42.203*(1+0.005)^17 -> 45.937396 | H8: =42.203*(1+0.005)^22 -> 47.097373 | I8: =42.203*(1+0.005)^27 -> 48.286641
A9: ══ TRA_FRG TOTALE [Gtkm] ══ | B9: =SUM(B6:B8) -> 103.46114 | C9: =SUM(C6:C8) -> 111.47242 | D9: =SUM(D6:D8) -> 107.8352 | E9: =SUM(E6:E8) -> 117.78661 | F9: =SUM(F6:F8) -> 127.08666 | G9: =SUM(G6:G8) -> 135.36345 | H9: =SUM(H6:H8) -> 142.82183 | I9: =SUM(I6:I8) -> 150.28991
A11: ⚠ Tassi crescita: RAIL +1.5%/y (PNRR), NAV +0.5%/y, HTR da DB. Da validare con prof.

Sheet 08_TEMOA_SQL_Ready
A1: TEMOA SQL — INSERT/UPDATE pronti per Transport.sql (v2)
A3: ⚠ Sostituire {placeholder} con i valori dalla colonna E del foglio 04 e dalla riga 9 del foglio 07.
A5: -- =========================================================
A6: -- 1) Nuova commodity aggregata
A7: -- =========================================================
A8: INSERT INTO "commodities" VALUES ('TRA_FRG','d','Freight Transport Aggregated [Gtkm]');
A10: -- =========================================================
A11: -- 2) Linker techs (1:1 modal shift aggregators)
A12: -- =========================================================
A13: INSERT INTO "technologies" VALUES ('TRA_LNK_ROA_HTR_D5','p','TRA','Modal Shift Link - HTR D5','');
A14: INSERT INTO "technologies" VALUES ('TRA_LNK_RAIL_FRG','p','TRA','Modal Shift Link - Rail Freight','');
A15: INSERT INTO "technologies" VALUES ('TRA_LNK_NAV_DOM','p','TRA','Modal Shift Link - Nav Dom','');
... A61: UPDATE "Efficiency" SET efficiency={RAIL_ELC_GTKM_PJ}, eff_units='Gtkm/PJ' WHERE tech='TRA_RAIL_FRG_ELC_N';

Sheet 09_Notes_Methodology
A1: Note metodologiche — v2
A3: Correzioni v1 → v2
A4: BUG1 | B4: Formula "=1E9/D{r}" produceva ~10^-9 invece di ~10^9 Gtkm/PJ. LibreOffice interpreta "1E9" come "1 × cell(E9)", non come 10^9. FIX: formula corretta = "=1/D{r}" (poiché Gtkm/PJ = 1/MJ_tkm per definizione algebrica). VERIFICATO.
A5: BUG2 | B5: Nomi tech HTR sbagliati: BEV_N→ELC_N, FCEV_N→FCELL_N, H2_ICE_N inesistente, BIO_N inesistente. FIX: 7 tech reali da 13_TEMOA_Ready v10 (DST_E, DST_N, ELC_N, FCELL_N, LPG_N, NGA_N, BIO_E-anomalia).
A6: BUG3 | B6: Valori MJ/tkm HTR erano placeholder fittizi (es. DST 0.525 vs reale 0.663). FIX: valori esatti da v10 (DST_N 2020=0.663021, ELC_N 2020=0.353611, FCELL_N 2025=0.428081...).
A7: BUG4 | B7: LF HTR D5 = 17 (assunto genericamente). FIX: 16.596 dalla colonna eff_notes del v10.
A9: ✓ Conferma operato utente
B10: ✓ Formula Gtkm/PJ = 1/(MJ/tkm) aggiunta nella colonna F della v1: CORRETTA. Dimostrazione algebrica nel foglio 01.
B11: ✓ Cross-check Gtkm/PJ = Bvkm/PJ × LF: matematicamente identico, verificato su tutte le 11 righe HTR D5 valide del v10.
B12: ✓ Gtkm/PJ è l'unità operativa corretta per TEMOA dato che demand e efficiency devono essere in unità coerenti (Gtkm).
A14: Domande aperte per il professore
A15: Q1 | B15: Baseline efficiency Nav e Rail: Avg 2019-2023 o Pre-COVID 2019? (anomalia rail ELC 2023=4.35 vs storico ~2.80)
A16: Q2 | B16: Tassi crescita demand 2025-2050: +1.5%/y rail (PNRR), +0.5%/y nav — coerenti con scenari TEMOA-Italy?
A17: Q3 | B17: HTR_BIO_E D5: output_comm=TRA_ROA_MTR → da correggere nel DB o escludere dal modal shift?
A18: Q4 | B18: Vincoli shift modale: MaxActivity/GrowthRateMax sui linker per evitare salti irrealistici?
A19: Q5 | B19: TRA_RAIL_FRG_E (existing): quale baseline Gtkm/PJ — avg ELC 2019 (~7.30) o mix DSL/ELC 15%/85%?
